<?xml version="1.0" encoding="UTF-8"?>
<project-private xmlns="http://www.netbeans.org/ns/project-private/1">
    <editor-bookmarks xmlns="http://www.netbeans.org/ns/editor-bookmarks/2" lastBookmarkId="0"/>
    <open-files xmlns="http://www.netbeans.org/ns/projectui-open-files/2">
        <group>
            <file>file:/D:/Cours/PPE/ClientLourd/src/clientlourd/TypeMateriel.java</file>
            <file>file:/D:/Cours/PPE/ClientLourd/src/clientlourd/Materiel.java</file>
            <file>file:/D:/Cours/PPE/ClientLourd/src/clientlourd/GestionMateriels.java</file>
            <file>file:/D:/Cours/PPE/ClientLourd/src/clientlourd/ContratMaintenance.java</file>
            <file>file:/D:/Cours/PPE/ClientLourd/src/clientlourd/Famille.java</file>
            <file>file:/D:/Cours/PPE/ClientLourd/src/clientlourd/Client.java</file>
            <file>file:/D:/Cours/PPE/ClientLourd/src/clientlourd/Fichier.java</file>
            <file>file:/D:/Cours/PPE/ClientLourd/src/clientlourd/PersistanceSQL.java</file>
            <file>file:/D:/Cours/PPE/ClientLourd/src/clientlourd/DateTp.java</file>
            <file>file:/D:/Cours/PPE/ClientLourd/src/clientlourd/Main.java</file>
        </group>
    </open-files>
</project-private>
