<?xml version = "1.0" encoding="UTF-8" ?> 
<listeMateriel> 
<materiels numClient="1"> 
<sousContrat> 
<materiel numSerie="1">
<type refInterne="1" libelle="lokjhgfds"/>
<famille codeFamille="1" libelle="lkjhgfdsq"/>
<date_vente>22-10-2018</date_vente>
<date_installation>25-9-2019</date_installation>
<prix_vente>15.0</prix_vente>
<emplacement>"sdfg"</emplacement>
<nbJoursAvantEcheance>271</nbJoursAvantEcheance>
</materiel>
<materiel numSerie="213">
<type refInterne="1" libelle="lokjhgfds"/>
<famille codeFamille="1" libelle="lkjhgfdsq"/>
<date_vente>12-11-2019</date_vente>
<date_installation>14-11-2019</date_installation>
<prix_vente>15.0</prix_vente>
<emplacement>"sdfg"</emplacement>
<nbJoursAvantEcheance>271</nbJoursAvantEcheance>
</materiel>
<materiel numSerie="65">
<type refInterne="1" libelle="lokjhgfds"/>
<famille codeFamille="1" libelle="lkjhgfdsq"/>
<date_vente>19-5-2020</date_vente>
<date_installation>7-8-2020</date_installation>
<prix_vente>15.0</prix_vente>
<emplacement>"jhgfd"</emplacement>
<nbJoursAvantEcheance>271</nbJoursAvantEcheance>
</materiel>
</sousContrat> 
<horsContrat>
<materiel numSerie="2">
<type refInterne="1" libelle="lokjhgfds"/>
<famille codeFamille="1" libelle="lkjhgfdsq"/>
<date_vente>12-11-2019</date_vente>
<date_installation>13-6-2018</date_installation>
<prix_vente>15.15</prix_vente>
<emplacement>"sdfg"</emplacement>
</materiel>
</horsContrat> 
</materiels> 
</listeMateriel> 
